BEGIN TRANSACTION;
INSERT INTO `User` (user_id,user_name,email,password) VALUES (1,'Catarina','cat@gmail.com','1111');
INSERT INTO `User` (user_id,user_name,email,password) VALUES (2,'Ze','ze@gmail.com','1111');
INSERT INTO `User` (user_id,user_name,email,password) VALUES (3,'Ana','ana@gmail.com','1111');
INSERT INTO `User` (user_id,user_name,email,password) VALUES (4,'Joao','joao@gmail.com','1111');
INSERT INTO `User` (user_id,user_name,email,password) VALUES (5,'Maria','maria@gmail.com','1111');
INSERT INTO `User` (user_id,user_name,email,password) VALUES (6,'Pedro','pedro@gmail.com','1111');
INSERT INTO `Reviewer` (reviewer_id) VALUES (1);
INSERT INTO `Reviewer` (reviewer_id) VALUES (2);
INSERT INTO `Reviewer` (reviewer_id) VALUES (3);
INSERT INTO `Reviewer` (reviewer_id) VALUES (4);
INSERT INTO `Reviewer` (reviewer_id) VALUES (5);
INSERT INTO `Reviewer` (reviewer_id) VALUES (6);
INSERT INTO `Review` (review_id,title,comment,score,date) VALUES (1,'Fantástico','O melhor resturante!',5,NULL);
INSERT INTO `Review` (review_id,title,comment,score,date) VALUES (2,'Mau!','Péssimo restaurante.',1,NULL);
INSERT INTO `Review` (review_id,title,comment,score,date) VALUES (3,'Meh','asas',2,NULL);
INSERT INTO `Review` (review_id,title,comment,score,date) VALUES (4,'Meh','asas',2,NULL);
INSERT INTO `Review` (review_id,title,comment,score,date) VALUES (5,'Meh','asas',2,NULL);
INSERT INTO `Review` (review_id,title,comment,score,date) VALUES (6,'Foi me***','Num curto',1,NULL);
INSERT INTO `Review` (review_id,title,comment,score,date) VALUES (7,'as','de paus',1,NULL);
INSERT INTO `Review` (review_id,title,comment,score,date) VALUES (8,'asas','1',2,'2016-12-08 21:52:42');
INSERT INTO `Restaurant_Review` (review_id,reviewer_id,restaurant_id) VALUES (1,NULL,NULL);
INSERT INTO `Restaurant` (restaurant_id,restaurant_name,description,photo_url) VALUES (1,'Rest1','',NULL);
INSERT INTO `Restaurant` (restaurant_id,restaurant_name,description,photo_url) VALUES (2,'Rest2',NULL,NULL);
INSERT INTO `Restaurant` (restaurant_id,restaurant_name,description,photo_url) VALUES (3,'Rest3',NULL,NULL);
INSERT INTO `Restaurant` (restaurant_id,restaurant_name,description,photo_url) VALUES (4,'Rest4',NULL,NULL);
INSERT INTO `Restaurant` (restaurant_id,restaurant_name,description,photo_url) VALUES (5,'Rest5',NULL,NULL);
INSERT INTO `Restaurant` (restaurant_id,restaurant_name,description,photo_url) VALUES (6,'Rest6',NULL,NULL);
INSERT INTO `Reply` (reply_id,review_id,user_id,reply_comment,parent_id,date) VALUES (1,1,1,'Hello. My name is Dick.',NULL,NULL);
INSERT INTO `Reply` (reply_id,review_id,user_id,reply_comment,parent_id,date) VALUES (2,1,2,'Hi Dick. I''m Cock.',1,NULL);
INSERT INTO `Reply` (reply_id,review_id,user_id,reply_comment,parent_id,date) VALUES (3,1,1,'Hi, Hello. My name is Joe',NULL,NULL);
INSERT INTO `Reply` (reply_id,review_id,user_id,reply_comment,parent_id,date) VALUES (4,1,1,'Hi, Hello. My name is Joe',NULL,NULL);
INSERT INTO `Reply` (reply_id,review_id,user_id,reply_comment,parent_id,date) VALUES (5,1,1,'Hi, Hello. My name is Joe',NULL,NULL);
INSERT INTO `Reply` (reply_id,review_id,user_id,reply_comment,parent_id,date) VALUES (6,1,1,'Hi, Hello. My name is Joe',NULL,NULL);
INSERT INTO `Reply` (reply_id,review_id,user_id,reply_comment,parent_id,date) VALUES (7,1,1,'Hi, Hello. My name is Joe',NULL,NULL);
INSERT INTO `Reply` (reply_id,review_id,user_id,reply_comment,parent_id,date) VALUES (8,1,1,'Hi, Hello. My name is Joe',NULL,NULL);
INSERT INTO `Reply` (reply_id,review_id,user_id,reply_comment,parent_id,date) VALUES (9,1,1,'Hi, Hello. My name is Joe',NULL,NULL);
INSERT INTO `Reply` (reply_id,review_id,user_id,reply_comment,parent_id,date) VALUES (10,1,1,'Hi, Hello. My name is Joe',NULL,NULL);
INSERT INTO `Reply` (reply_id,review_id,user_id,reply_comment,parent_id,date) VALUES (11,1,1,'Hi, Hello. My name is Joe',NULL,NULL);
INSERT INTO `Reply` (reply_id,review_id,user_id,reply_comment,parent_id,date) VALUES (12,1,1,'Hi, Hello. My name is Joe',NULL,NULL);
INSERT INTO `Reply` (reply_id,review_id,user_id,reply_comment,parent_id,date) VALUES (13,NULL,NULL,'asas',NULL,NULL);
INSERT INTO `Reply` (reply_id,review_id,user_id,reply_comment,parent_id,date) VALUES (14,NULL,NULL,'asas',NULL,NULL);
INSERT INTO `Reply` (reply_id,review_id,user_id,reply_comment,parent_id,date) VALUES (15,NULL,NULL,'asas',NULL,NULL);
INSERT INTO `Reply` (reply_id,review_id,user_id,reply_comment,parent_id,date) VALUES (16,NULL,NULL,'asas',NULL,NULL);
INSERT INTO `Reply` (reply_id,review_id,user_id,reply_comment,parent_id,date) VALUES (17,1,1,'asd',0,NULL);
INSERT INTO `Reply` (reply_id,review_id,user_id,reply_comment,parent_id,date) VALUES (18,3,1,'I don''t agree.',0,NULL);
INSERT INTO `Reply` (reply_id,review_id,user_id,reply_comment,parent_id,date) VALUES (19,6,1,'asas',0,'2016-12-08 21:43:40');
INSERT INTO `Reply` (reply_id,review_id,user_id,reply_comment,parent_id,date) VALUES (20,1,1,'Test
',0,'2016-12-08 21:44:19');
INSERT INTO `Reply` (reply_id,review_id,user_id,reply_comment,parent_id,date) VALUES (21,1,1,'agan',0,'2016-12-08 21:44:40');
INSERT INTO `Reply` (reply_id,review_id,user_id,reply_comment,parent_id,date) VALUES (22,1,1,'s',0,'2016-12-08 21:44:54');
INSERT INTO `Reply` (reply_id,review_id,user_id,reply_comment,parent_id,date) VALUES (23,1,1,'as',0,'2016-12-08 21:45:34');
INSERT INTO `Reply` (reply_id,review_id,user_id,reply_comment,parent_id,date) VALUES (24,1,1,'s',0,'2016-12-08 21:45:58');
INSERT INTO `Reply` (reply_id,review_id,user_id,reply_comment,parent_id,date) VALUES (25,1,1,'s',0,'2016-12-08 21:48:11');
INSERT INTO `Reply` (reply_id,review_id,user_id,reply_comment,parent_id,date) VALUES (26,1,1,'a',0,'2016-12-08 21:50:20');
INSERT INTO `Reply` (reply_id,review_id,user_id,reply_comment,parent_id,date) VALUES (27,1,1,'a',0,'2016-12-08 21:50:40');
INSERT INTO `Reply` (reply_id,review_id,user_id,reply_comment,parent_id,date) VALUES (28,2,1,'hi',0,'2016-12-08 21:51:54');
INSERT INTO `Owner` (owner_id) VALUES (1);
INSERT INTO `Owner` (owner_id) VALUES (2);
COMMIT;
